IP: 10.249.249.183,Page: Main Model Run Page,Time: Tue Oct 16 11:53:31 2018,
IP: 10.249.249.183,Page: Main Model Form,Time: Tue Oct 16 11:54:22 2018,
IP: 10.249.249.183,Page: Main Model Run Page,Time: Tue Oct 16 11:54:34 2018,
IP: 10.249.249.183,Page: Main Model Run Page,Time: Tue Oct 16 11:55:24 2018,
IP: 10.249.249.183,Page: Main Model Run Page,Time: Tue Oct 16 11:55:44 2018,
IP: 10.249.249.183,Page: Main Model Run Page,Time: Tue Oct 16 11:56:33 2018,
IP: 10.249.249.183,Page: Main Model Run Page,Time: Wed Oct 17 10:06:44 2018,
IP: 10.197.38.27,Page: Main Model Form,Time: Wed Oct 17 10:59:10 2018,
IP: 10.197.38.27,Page: Main Model Run Page,Time: Wed Oct 17 10:59:22 2018,
IP: 10.197.38.27,Page: Main Model Form,Time: Wed Oct 17 11:01:22 2018,
IP: 10.249.249.183,Page: Main Model Form,Time: Wed Oct 17 11:25:25 2018,
IP: 10.249.249.183,Page: Main Model Run Page,Time: Wed Oct 17 11:25:36 2018,
IP: 10.249.249.183,Page: Main Model Run Page,Time: Wed Oct 17 11:28:27 2018,
IP: 10.249.249.183,Page: Main Model Run Page,Time: Wed Oct 17 11:30:49 2018,
IP: 10.249.249.183,Page: Main Model Run Page,Time: Wed Oct 17 11:30:54 2018,
IP: 10.249.249.183,Page: Main Model Run Page,Time: Wed Oct 17 11:31:52 2018,
IP: 10.249.249.183,Page: Main Model Run Page,Time: Wed Oct 17 11:33:43 2018,
IP: 10.249.249.183,Page: Main Model Run Page,Time: Wed Oct 17 11:35:58 2018,
IP: 10.249.249.183,Page: Main Model Run Page,Time: Wed Oct 17 11:37:25 2018,
IP: 10.249.249.183,Page: Main Model Run Page,Time: Wed Oct 17 11:38:45 2018,
IP: 10.249.249.183,Page: Main Model Run Page,Time: Wed Oct 17 11:39:36 2018,
IP: 10.249.249.183,Page: Main Model Run Page,Time: Wed Oct 17 11:43:56 2018,
IP: 10.197.38.27,Page: Main Model Form,Time: Wed Oct 17 11:45:25 2018,
IP: 10.249.249.183,Page: Main Model Run Page,Time: Wed Oct 17 11:45:30 2018,
IP: 10.197.38.27,Page: Main Model Run Page,Time: Wed Oct 17 11:45:36 2018,
IP: 10.249.249.183,Page: Main Model Run Page,Time: Wed Oct 17 11:45:43 2018,
IP: 10.249.249.183,Page: Main Model Run Page,Time: Wed Oct 17 11:45:54 2018,
IP: 10.197.38.27,Page: Main Model Run Page,Time: Wed Oct 17 11:46:12 2018,
IP: 10.197.38.27,Page: Main Model Run Page,Time: Wed Oct 17 11:46:43 2018,
IP: 10.197.38.27,Page: Main Model Run Page,Time: Wed Oct 17 11:47:40 2018,
IP: 10.197.38.27,Page: Main Model Run Page,Time: Wed Oct 17 11:47:47 2018,
IP: 10.197.38.27,Page: Main Model Run Page,Time: Wed Oct 17 11:48:15 2018,
IP: 10.197.38.27,Page: Main Model Run Page,Time: Wed Oct 17 11:48:22 2018,
IP: 10.197.38.27,Page: Main Model Run Page,Time: Wed Oct 17 11:48:56 2018,
IP: 10.197.38.27,Page: Main Model Run Page,Time: Wed Oct 17 11:49:15 2018,
IP: 10.197.38.27,Page: Main Model Run Page,Time: Wed Oct 17 11:50:05 2018,
IP: 10.249.249.183,Page: Main Model Run Page,Time: Wed Oct 17 11:51:42 2018,
IP: 10.249.249.183,Page: Main Model Run Page,Time: Wed Oct 17 13:01:44 2018,
IP: 10.249.249.183,Page: Main Model Run Page,Time: Wed Oct 17 13:02:51 2018,
IP: 10.249.249.183,Page: Main Model Run Page,Time: Wed Oct 17 13:03:08 2018,
IP: 10.249.249.183,Page: Main Model Run Page,Time: Wed Oct 17 13:03:20 2018,
IP: 10.249.249.183,Page: Main Model Run Page,Time: Wed Oct 17 13:04:37 2018,
IP: 10.249.249.183,Page: Main Model Run Page,Time: Wed Oct 17 13:04:49 2018,
IP: 10.249.249.183,Page: Main Model Run Page,Time: Wed Oct 17 13:05:02 2018,
IP: 10.249.249.183,Page: Main Model Run Page,Time: Wed Oct 17 13:06:05 2018,
IP: 10.249.249.183,Page: Main Model Run Page,Time: Wed Oct 17 13:06:54 2018,
IP: 10.249.249.183,Page: Main Model Run Page,Time: Wed Oct 17 13:48:55 2018,
IP: 10.249.249.183,Page: Main Model Run Page,Time: Wed Oct 17 13:50:48 2018,
IP: 10.249.249.183,Page: Main Model Run Page,Time: Wed Oct 17 13:50:53 2018,
IP: 10.249.249.183,Page: Main Model Run Page,Time: Wed Oct 17 13:54:57 2018,
IP: 10.249.249.183,Page: Main Model Run Page,Time: Wed Oct 17 13:55:39 2018,
IP: 10.249.249.183,Page: Main Model Run Page,Time: Wed Oct 17 13:56:58 2018,
IP: 10.249.249.183,Page: Main Model Run Page,Time: Wed Oct 17 13:58:36 2018,
IP: 10.249.249.183,Page: Main Model Run Page,Time: Wed Oct 17 13:58:49 2018,
IP: 10.249.249.183,Page: Main Model Run Page,Time: Wed Oct 17 13:59:59 2018,
IP: 10.249.249.183,Page: Main Model Run Page,Time: Wed Oct 17 14:05:33 2018,
IP: 10.249.249.183,Page: Main Model Run Page,Time: Wed Oct 17 14:06:43 2018,
IP: 10.249.249.183,Page: Main Model Run Page,Time: Wed Oct 17 14:07:36 2018,
IP: 10.249.249.183,Page: Main Model Run Page,Time: Wed Oct 17 14:08:33 2018,
IP: 10.249.249.183,Page: Main Model Run Page,Time: Wed Oct 17 14:09:19 2018,
IP: 10.249.249.183,Page: Main Model Run Page,Time: Wed Oct 17 14:11:53 2018,
IP: 10.249.249.183,Page: Main Model Run Page,Time: Wed Oct 17 14:27:20 2018,
IP: 10.249.249.183,Page: Main Model Run Page,Time: Wed Oct 17 14:28:02 2018,
IP: 10.249.249.183,Page: Main Model Run Page,Time: Wed Oct 17 14:28:18 2018,
IP: 10.249.249.183,Page: Main Model Run Page,Time: Wed Oct 17 14:28:36 2018,
IP: 10.249.249.183,Page: Main Model Run Page,Time: Wed Oct 17 14:28:48 2018,
IP: 10.249.249.183,Page: Main Model Run Page,Time: Wed Oct 17 14:28:58 2018,
IP: 10.249.249.183,Page: Main Model Run Page,Time: Wed Oct 17 14:36:07 2018,
IP: 10.249.249.183,Page: Main Model Form,Time: Mon Oct 22 09:14:28 2018,
IP: 10.249.249.183,Page: Main Model Form,Time: Tue Oct 23 10:42:35 2018,
IP: 10.249.249.183,Page: Main Model Run Page,Time: Tue Oct 23 10:42:38 2018,
